Date,AAPL,ADBE,COP,CSCO,CVX,EMR,EOG,FB,GE,GOOG,IBM,INTC,MSFT,NVDA,ORCL,OXY,PSX,SLB,VLO,XOM
2017-12-29,169.229995728,175.240005493,54.8899993896,38.2999992371,125.190002441,69.6900024414,107.910003662,176.460006714,16.7788467407,1046.40002441,153.419998169,46.1599998474,85.5400009155,193.5,47.2799987793,73.6600036621,101.150001526,67.3899993896,91.9100036621,83.6399993896
2018-01-02,172.259994507,177.699996948,55.3199996948,38.8600006104,127.580001831,70.7399978638,109.300003052,181.419998169,17.2884616852,1065.0,154.25,46.8499984741,85.9499969482,199.350006104,46.6300010681,73.9800033569,101.75,69.5199966431,92.8000030518,85.0299987793
2018-01-03,172.229995728,181.039993286,56.3400001526,39.1699981689,128.509994507,71.3899993896,110.930000305,184.669998169,17.4519233704,1082.47998047,158.490005493,45.2599983215,86.3499984741,212.470001221,47.7099990845,75.0,102.430000305,71.3300018311,93.2900009155,86.6999969482
2018-01-04,173.029998779,183.220001221,56.9900016785,38.9900016785,128.11000061,71.4899978638,110.949996948,184.330001831,17.8173084259,1086.40002441,161.699996948,44.4300003052,87.1100006104,213.589996338,48.1800003052,74.9599990845,102.150001526,73.0999984741,93.5899963379,86.8199996948
2018-01-05,175.0,185.339996338,56.8800010681,39.5299987793,127.900001526,72.4300003052,112.169998169,186.850006104,17.8269233704,1102.22998047,162.490005493,44.7400016785,88.1900024414,215.399993896,48.4700012207,74.5500030518,102.160003662,73.5999984741,94.0299987793,86.75
2018-01-08,174.350006104,185.039993286,57.4599990845,39.9399986267,128.529998779,72.1999969482,112.709999084,188.279998779,17.5769233704,1106.93994141,163.470001221,44.7400016785,88.2799987793,222.0,48.9799995422,75.1900024414,102.059997559,74.8000030518,94.2200012207,87.1399993896
2018-01-09,174.330001831,186.699996948,57.9300003052,39.6899986267,127.839996338,72.3199996948,111.709999084,187.869995117,17.8461532593,1106.26000977,163.830001831,43.6199989319,88.2200012207,221.940002441,49.0600013733,74.8899993896,101.720001221,74.9000015259,94.0999984741,86.7699966431
2018-01-10,174.289993286,187.11000061,57.6500015259,39.9099998474,128.660003662,72.5899963379,112.010002136,187.839996338,18.2019233704,1102.60998535,164.179992676,42.5,87.8199996948,223.679992676,48.7999992371,74.25,102.080001831,75.5999984741,94.1500015259,86.0800018311
2018-01-11,175.279998779,188.919998169,59.1800003052,40.0999984741,132.570007324,73.8799972534,115.13999939,187.770004272,18.2884616852,1105.52001953,164.199996948,43.4099998474,88.0800018311,224.080001831,48.9500007629,75.8199996948,102.370002747,77.0500030518,94.5500030518,86.9300003052
2018-01-12,177.089996338,195.050003052,60.0499992371,40.8699989319,133.600006104,73.9100036621,115.699996948,179.369995117,18.0384616852,1122.26000977,163.13999939,43.2400016785,89.5999984741,222.979995728,49.5099983215,76.5299987793,104.970001221,77.9700012207,96.75,87.5199966431
2018-01-16,176.190002441,192.460006714,58.8400001526,40.5400009155,132.009994507,72.8300018311,113.38999939,178.38999939,17.5096149445,1121.76000977,163.850006104,43.1399993896,88.3499984741,220.11000061,49.5900001526,75.2699966431,103.5,77.1699981689,96.1500015259,86.9700012207
2018-01-17,179.100006104,196.490005493,59.8600006104,41.2000007629,132.36000061,73.0699996948,113.529998779,177.600006104,16.6826915741,1131.97998047,168.649993896,44.3899993896,90.1399993896,224.720001221,50.2700004578,75.8600006104,106.160003662,77.2099990845,97.5599975586,88.0
2018-01-18,179.259994507,196.199996948,59.7599983215,41.2999992371,131.589996338,73.4499969482,114.239997864,179.800003052,16.125,1129.79003906,169.119995117,44.4799995422,90.0999984741,224.440002441,50.2299995422,75.3899993896,105.290000916,76.3700027466,96.4599990845,87.4300003052
2018-01-19,178.460006714,195.729995728,59.75,41.2900009155,131.300003052,73.1399993896,114.370002747,181.289993286,15.6346149445,1137.51000977,162.369995117,44.8199996948,90.0,230.11000061,50.5800018311,75.5500030518,105.629997253,76.4199981689,97.2600021362,87.1500015259
2018-01-22,177.0,197.839996338,60.6699981689,41.6599998474,132.559997559,73.2600021362,116.819999695,185.369995117,15.5480766296,1155.81005859,162.600006104,45.75,91.6100006104,233.690002441,50.7099990845,77.6299972534,106.660003662,79.7900009155,98.9499969482,88.25
2018-01-23,177.039993286,200.089996338,60.4700012207,42.0999984741,131.020004272,73.1200027466,117.839996338,189.350006104,16.2403850555,1169.9699707,166.25,46.0600013733,91.9000015259,238.910003662,51.1199989319,77.4199981689,106.900001526,79.2099990845,98.6900024414,88.3000030518
2018-01-24,174.220001221,197.779998779,60.4900016785,42.1699981689,131.38999939,72.6299972534,118.470001221,186.550003052,15.8076925278,1164.23999023,165.369995117,45.5099983215,91.8199996948,235.800003052,51.4500007629,77.5599975586,104.629997253,78.1800003052,97.6600036621,88.5299987793
2018-01-25,171.11000061,197.509994507,59.4799995422,41.9000015259,130.649993896,72.6800003052,117.449996948,187.479995728,15.5576925278,1170.36999512,165.470001221,45.2999992371,92.3300018311,236.350006104,51.5999984741,76.7399978638,104.169998169,77.3300018311,97.1800003052,88.3700027466
2018-01-26,171.509994507,201.300003052,60.3899993896,42.5600013733,131.190002441,74.0500030518,117.760002136,190.0,15.5096149445,1175.83996582,167.339996338,50.0800018311,94.0599975586,243.330001831,52.75,77.1800003052,106.589996338,77.6100006104,98.6900024414,89.0
2018-01-29,167.960006714,198.229995728,59.6599998474,42.8499984741,128.479995728,72.9899978638,116.580001831,185.979995728,15.653845787,1175.57995605,166.800003052,49.9799995422,93.9199981689,246.850006104,51.9399986267,76.2399978638,104.25,76.3799972534,96.3899993896,88.0100021362
2018-01-30,166.970001221,196.899993896,58.4599990845,42.25,125.230003357,72.4700012207,115.169998169,187.119995117,15.3365383148,1163.68994141,163.619995117,48.7900009155,92.7399978638,242.720001221,50.9599990845,74.7600021362,102.279998779,74.5400009155,94.3399963379,86.7799987793
2018-01-31,167.429992676,199.759994507,58.8100013733,41.5400009155,125.349998474,72.2300033569,115.0,186.88999939,15.5480766296,1169.93994141,163.699996948,48.1399993896,95.0100021362,245.800003052,51.5900001526,74.9700012207,102.400001526,73.5800018311,95.9700012207,87.3000030518
2018-02-01,167.779998779,199.380004883,59.3499984741,41.7000007629,125.569999695,72.5800018311,116.519996643,193.089996338,15.403845787,1167.69995117,162.399993896,47.6500015259,94.2600021362,240.5,51.6300010681,76.0999984741,100.86000061,75.5100021362,94.6900024414,89.0699996948
2018-02-02,160.5,195.63999939,57.7200012207,40.9300003052,118.580001831,70.5699996948,112.830001831,190.279998779,15.0384616852,1111.90002441,159.029998779,46.1500015259,91.7799987793,233.520004272,50.1300010681,73.5800018311,97.0100021362,73.6900024414,93.1900024414,84.5299987793
2018-02-05,156.490005493,190.270004272,55.9399986267,38.7799987793,112.620002747,68.4400024414,109.559997559,181.259994507,14.3365383148,1055.80004883,152.529998779,44.5200004578,88.0,213.699996948,48.0900001526,70.9100036621,95.2099990845,71.3499984741,89.7699966431,79.7200012207
2018-02-06,163.029998779,194.470001221,55.9399986267,40.1699981689,117.180000305,69.25,108.269996643,185.309997559,14.6826925278,1080.59997559,155.339996338,44.9099998474,91.3300018311,225.580001831,49.4000015259,71.2200012207,96.8799972534,71.0400009155,90.4599990845,78.3499984741
2018-02-07,159.539993286,192.339996338,55.6300010681,40.3400001526,115.290000916,68.9599990845,105.779998779,180.179992676,14.6634616852,1048.57995605,153.850006104,45.2000007629,89.6100006104,228.800003052,48.8699989319,69.8700027466,95.6100006104,69.75,89.8399963379,76.9400024414
2018-02-08,155.149993896,185.160003662,53.2400016785,38.7700004578,112.300003052,66.4000015259,101.040000916,171.580001831,13.8942308426,1001.52001953,147.589996338,42.75,85.0100021362,217.520004272,46.8400001526,68.4700012207,92.4400024414,67.4000015259,86.7699966431,76.0699996948
2018-02-09,156.410003662,187.990005493,52.0200004578,39.5299987793,113.5,69.0699996948,100.069999695,176.11000061,14.3653850555,1037.7800293,149.509994507,43.9500007629,88.1800003052,232.080001831,47.7299995422,68.1800003052,92.5999984741,65.1900024414,88.2200012207,75.7799987793
2018-02-12,162.710006714,192.149993896,53.4099998474,40.5999984741,113.980003357,70.3099975586,103.13999939,176.410003662,14.25,1051.93994141,151.399993896,44.8300018311,89.1299972534,228.029998779,48.1500015259,69.8700027466,93.5899963379,66.8399963379,88.8399963379,76.4199981689
2018-02-13,164.339996338,193.479995728,53.3199996948,41.2299995422,113.290000916,70.3799972534,102.470001221,173.149993896,14.1057691574,1052.09997559,150.75,44.4599990845,89.8300018311,232.630004883,48.4900016785,69.7200012207,93.7600021362,65.9199981689,89.4800033569,76.3000030518
2018-02-14,167.369995117,197.130004883,55.5099983215,42.0900001526,113.629997253,71.3099975586,106.760002136,179.520004272,14.3269233704,1069.69995117,154.759994507,45.3800010681,90.8099975586,241.419998169,49.4500007629,69.8499984741,93.3300018311,65.8700027466,92.6299972534,76.4599990845
2018-02-15,172.990005493,202.970001221,54.5400009155,44.0800018311,112.529998779,71.5,107.690002441,179.960006714,14.278845787,1089.52001953,156.009994507,45.9199981689,92.6600036621,246.5,50.6399993896,69.4300003052,92.7699966431,66.2099990845,93.0,76.2099990845
2018-02-16,172.429992676,201.559997559,54.6500015259,44.3300018311,112.13999939,72.9899978638,107.63999939,177.36000061,14.471154213,1094.80004883,156.179992676,45.5600013733,92.0,243.839996338,50.7099990845,68.1600036621,91.9899978638,66.2799987793,93.2699966431,76.5400009155
2018-02-20,171.850006104,202.979995728,54.8400001526,44.0600013733,110.980003357,71.0699996948,107.959999084,176.009994507,14.1730766296,1102.45996094,155.160003662,46.3199996948,92.7200012207,249.080001831,49.8899993896,67.9899978638,90.9899978638,65.6100006104,91.5800018311,75.75
2018-02-21,171.070007324,202.089996338,53.75,43.3100013733,109.059997559,71.8099975586,105.809997559,177.910003662,13.9326925278,1111.33996582,153.960006714,45.9399986267,91.4899978638,241.509994507,49.4300003052,67.2099990845,89.5800018311,64.4000015259,90.8300018311,74.8899993896
2018-02-22,172.5,202.61000061,54.9099998474,42.9399986267,109.88999939,72.0899963379,107.089996338,178.990005493,14.0576925278,1106.63000488,153.179992676,45.7999992371,91.7300033569,242.149993896,49.5900001526,67.9199981689,90.1299972534,64.9599990845,92.0500030518,75.8600006104
2018-02-23,175.5,209.740005493,57.0499992371,44.0,112.589996338,72.1900024414,108.830001831,183.289993286,13.9326925278,1126.79003906,155.520004272,47.7299995422,94.0599975586,245.929992676,50.5,68.3199996948,91.8300018311,66.5,92.4599990845,77.5299987793
2018-02-26,178.970001221,212.149993896,56.5900001526,45.3600006104,114.599998474,73.5299987793,109.489997864,184.929992676,14.0865383148,1143.75,158.580001831,49.1100006104,95.4199981689,246.580001831,51.1699981689,67.2699966431,92.5199966431,66.7300033569,93.3099975586,78.8399963379
2018-02-27,178.38999939,208.820007324,55.8300018311,45.0400009155,113.61000061,73.0899963379,106.940002441,181.460006714,13.9423074722,1118.29003906,156.550003052,49.9099998474,94.1999969482,246.059997559,50.7299995422,66.75,92.1200027466,66.9100036621,92.7699966431,77.5
2018-02-28,178.119995117,209.130004883,54.3100013733,44.7799987793,111.919998169,71.0599975586,101.419998169,178.320007324,13.5673074722,1104.72998047,155.830001831,49.2900009155,93.7699966431,242.0,50.6699981689,65.5999984741,90.3700027466,65.6399993896,90.4199981689,75.7399978638
2018-03-01,175.0,206.029998779,53.8800010681,43.7999992371,112.040000916,69.5800018311,101.180000305,175.940002441,13.4807691574,1069.52001953,153.809997559,47.8400001526,92.8499984741,232.210006714,49.7099990845,65.6299972534,90.8700027466,65.2200012207,90.8199996948,75.1999969482
2018-03-02,176.210006714,209.789993286,54.0600013733,44.0600013733,111.63999939,69.3600006104,101.449996948,176.619995117,13.5769233704,1078.92004395,154.490005493,48.9799995422,93.0500030518,236.539993286,50.3199996948,65.6399993896,91.3700027466,65.4700012207,92.1999969482,75.5500030518
2018-03-05,176.820007324,211.160003662,53.9900016785,44.5200004578,113.150001526,70.1500015259,101.809997559,180.399993896,13.8653850555,1090.93005371,156.949996948,49.75,93.6399993896,235.649993896,51.2900009155,65.9199981689,93.0599975586,66.1600036621,91.5599975586,76.2699966431
2018-03-06,176.669998169,212.009994507,54.0600013733,44.2900009155,113.650001526,70.4700012207,101.010002136,179.779998779,14.0769233704,1095.06005859,155.720001221,50.7099990845,93.3199996948,242.160003662,51.5,65.6600036621,93.9300003052,66.6299972534,91.7200012207,76.1800003052
2018-03-07,175.029998779,216.86000061,54.0699996948,44.2000007629,113.839996338,69.5899963379,100.870002747,183.710006714,13.9519233704,1109.64001465,158.320007324,51.3199996948,93.8600006104,241.839996338,51.7200012207,65.1900024414,94.2200012207,66.2300033569,92.0400009155,74.2600021362
2018-03-08,176.940002441,216.399993896,53.5699996948,44.3400001526,113.349998474,70.2099990845,100.589996338,182.339996338,13.9615383148,1126.0,156.210006714,50.7400016785,94.4300003052,241.179992676,52.1300010681,62.9599990845,95.1900024414,66.7399978638,93.3099975586,74.1200027466
2018-03-09,179.979995728,221.11000061,55.0600013733,45.3699989319,117.220001221,72.2699966431,102.800003052,185.229995728,14.3653850555,1160.04003906,159.309997559,52.1899986267,96.5400009155,245.330001831,52.9700012207,63.6699981689,95.9100036621,68.7799987793,94.3199996948,74.5599975586
2018-03-12,181.720001221,220.940002441,54.7400016785,45.5499992371,116.790000916,71.4199981689,100.650001526,184.759994507,14.5192308426,1164.5,160.259994507,51.5200004578,96.7699966431,249.759994507,52.9000015259,63.8899993896,94.9899978638,68.0899963379,92.6900024414,75.2399978638
2018-03-13,179.970001221,219.759994507,53.9599990845,45.1599998474,116.459999084,71.2300033569,100.050003052,181.880004883,13.875,1138.17004395,159.320007324,51.7799987793,94.4100036621,247.710006714,52.5800018311,64.1999969482,94.5500030518,67.1399993896,93.4899978638,74.5299987793
2018-03-14,178.440002441,218.440002441,53.9599990845,45.2799987793,115.129997253,70.7399978638,99.8899993896,184.190002441,13.721154213,1149.48999023,158.119995117,51.8600006104,93.8499984741,248.740005493,52.3199996948,64.0400009155,94.2099990845,66.4300003052,92.6600036621,73.5999984741
2018-03-15,178.649993896,218.869995117,54.0299987793,45.3300018311,115.580001831,70.9300003052,98.6500015259,183.86000061,13.8076925278,1149.57995605,159.61000061,50.8800010681,94.1800003052,249.339996338,52.3699989319,63.9099998474,94.4599990845,65.3499984741,92.3300018311,74.4199981689
2018-03-16,178.020004272,225.550003052,54.9300003052,45.0099983215,115.400001526,72.3799972534,100.449996948,185.089996338,13.7596149445,1135.72998047,160.259994507,51.1699981689,94.5999984741,250.479995728,52.2700004578,64.4499969482,95.7900009155,66.0999984741,93.7900009155,75.1200027466
2018-03-19,175.300003052,222.179992676,53.5699996948,44.2700004578,113.88999939,70.7300033569,98.4700012207,172.559997559,13.528845787,1099.81994629,157.350006104,50.8300018311,92.8899993896,241.0,51.9500007629,63.6500015259,94.4000015259,64.6999969482,92.9400024414,74.1500015259
2018-03-20,175.240005493,229.75,54.7000007629,44.3699989319,114.5,70.5500030518,101.330001831,168.149993896,13.1153850555,1097.70996094,156.199996948,51.5499992371,93.1299972534,249.580001831,47.0499992371,63.9099998474,95.0999984741,65.5599975586,94.4700012207,73.9899978638
2018-03-21,171.270004272,226.850006104,57.0400009155,44.3100013733,117.040000916,71.1500015259,104.779998779,169.38999939,13.346154213,1090.88000488,156.690002441,51.5600013733,92.4800033569,248.559997559,47.0200004578,66.0400009155,96.1500015259,67.7399978638,95.4499969482,75.0400009155
2018-03-22,168.850006104,220.520004272,56.5,43.0699996948,113.699996948,68.7699966431,104.290000916,164.88999939,12.8365383148,1049.07995605,152.089996338,50.8300018311,89.7900009155,241.850006104,45.8899993896,65.1800003052,94.6999969482,65.5199966431,93.0400009155,73.5
2018-03-23,164.940002441,215.020004272,57.7400016785,42.4199981689,112.980003357,67.3600006104,105.86000061,159.38999939,12.5673074722,1021.57000732,148.88999939,49.3600006104,87.1800003052,232.970001221,44.7900009155,65.4899978638,93.3899993896,64.1399993896,91.2200012207,72.8899993896
2018-03-26,172.770004272,228.910003662,59.0800018311,44.0600013733,115.349998474,69.5100021362,107.569999695,160.059997559,12.3942308426,1053.20996094,153.369995117,52.4799995422,93.7799987793,244.479995728,46.4799995422,67.1999969482,96.0,64.4599990845,94.25,74.0
2018-03-27,168.339996338,213.800003052,59.1399993896,42.6800003052,114.660003662,67.9199981689,106.330001831,152.220001221,12.9230766296,1005.09997559,151.910003662,51.1899986267,89.4700012207,225.520004272,45.3800010681,65.8199996948,95.7099990845,64.4800033569,92.2699966431,73.6999969482
2018-03-28,166.479995728,212.539993286,58.7299995422,41.6599998474,112.099998474,67.3000030518,103.819999695,153.029998779,13.153845787,1004.55999756,152.520004272,49.5999984741,89.3899993896,221.350006104,44.9799995422,63.1500015259,94.3300018311,63.2099990845,90.2799987793,72.8099975586
2018-03-29,167.779998779,216.080001831,59.2900009155,42.8899993896,114.040000916,68.3000030518,105.269996643,159.789993286,12.9615383148,1031.79003906,153.429992676,52.0800018311,91.2699966431,231.589996338,45.75,64.9599990845,95.9199981689,64.7799987793,92.7699966431,74.6100006104
2018-04-02,166.679992676,212.279998779,58.0900001526,41.0099983215,112.239997864,66.2799987793,102.930000305,155.38999939,12.6153850555,1006.4699707,150.070007324,48.9199981689,88.5199966431,221.050003052,45.0099983215,64.6699981689,94.9499969482,63.4799995422,91.5599975586,73.2200012207
2018-04-03,168.38999939,215.929992676,60.0299987793,41.3800010681,114.830001831,67.8499984741,105.069999695,156.11000061,12.625,1013.40997314,149.850006104,49.75,89.7099990845,225.350006104,44.8899993896,66.6299972534,96.1800003052,64.7900009155,92.6999969482,75.0199966431
2018-04-04,171.61000061,225.050003052,59.5600013733,41.2000007629,114.480003357,68.1299972534,104.169998169,155.100006104,12.7692308426,1025.14001465,154.119995117,49.9900016785,92.3300018311,226.240005493,45.5099983215,66.6200027466,95.9899978638,64.8099975586,93.3499984741,74.8700027466
2018-04-05,172.800003052,223.539993286,60.4599990845,41.8199996948,117.290000916,68.4100036621,104.379997253,159.339996338,12.9134616852,1027.81005859,154.029998779,50.3800010681,92.3799972534,221.380004883,45.9599990845,67.7699966431,97.7699966431,65.7699966431,95.8600006104,76.0199966431
2018-04-06,168.380004883,218.61000061,59.2599983215,40.7299995422,114.760002136,66.3099975586,101.930000305,157.199996948,12.5576925278,1007.03997803,150.570007324,48.7900009155,90.2300033569,214.25,44.8300018311,67.5299987793,96.9700012207,64.3600006104,95.1800003052,74.8700027466
2018-04-09,170.050003052,219.169998169,60.6199989319,41.1699981689,115.980003357,66.1900024414,103.379997253,157.929992676,12.3365383148,1015.45001221,152.690002441,49.5499992371,90.7699966431,215.410003662,44.9000015259,68.9300003052,97.7399978638,64.2600021362,96.0100021362,74.8700027466
2018-04-10,173.25,224.529998779,62.3400001526,42.5099983215,118.849998474,67.5599975586,107.660003662,165.039993286,12.5480766296,1031.64001465,155.38999939,51.2700004578,92.8799972534,227.910003662,45.8199996948,70.5100021362,100.25,66.7099990845,98.8899993896,77.0699996948
2018-04-11,172.440002441,223.630004883,63.2299995422,42.4300003052,119.25,67.0800018311,109.400001526,166.320007324,12.471154213,1019.9699707,155.36000061,51.0999984741,91.8600006104,226.240005493,45.6100006104,71.6800003052,102.550003052,67.5500030518,100.309997559,77.4300003052
2018-04-12,174.13999939,226.960006714,63.2400016785,43.3400001526,119.230003357,68.1999969482,109.980003357,163.869995117,12.6730766296,1032.51000977,158.070007324,52.7200012207,93.5800018311,234.600006104,45.8800010681,71.7799987793,102.629997253,67.5599975586,100.529998779,77.2200012207
2018-04-13,174.729995728,224.059997559,64.9000015259,43.0,119.919998169,68.4199981689,111.019996643,164.520004272,12.971154213,1029.27001953,156.710006714,51.8600006104,93.0800018311,231.5,46.0800018311,73.6299972534,103.739997864,67.9499969482,101.830001831,77.8399963379
2018-04-16,175.820007324,226.520004272,65.7300033569,43.2999992371,120.699996948,68.8099975586,111.019996643,164.830001831,12.8173074722,1037.97998047,157.88999939,52.4000015259,94.1699981689,231.490005493,46.0499992371,74.9100036621,106.819999695,68.5199966431,105.489997864,78.5400009155
2018-04-17,178.240005493,231.160003662,66.5100021362,44.5900001526,121.459999084,69.3899993896,111.150001526,168.660003662,13.2596149445,1074.16003418,160.910003662,53.5400009155,96.0699996948,237.539993286,46.6599998474,75.2200012207,107.86000061,68.6600036621,106.690002441,78.3300018311
2018-04-18,177.839996338,231.100006104,66.4199981689,44.6300010681,123.819999695,70.6200027466,112.849998474,166.36000061,13.1346149445,1072.07995605,148.789993286,53.6100006104,96.4400024414,236.369995117,47.0800018311,75.9199981689,108.88999939,70.3399963379,107.540000916,79.2200012207
2018-04-19,172.800003052,227.619995117,66.3099975586,44.5600013733,123.709999084,70.6699981689,114.040000916,168.100006104,13.4519233704,1087.69995117,147.699996948,52.2200012207,96.1100006104,229.039993286,46.8199996948,75.9899978638,110.63999939,70.2799987793,108.199996948,79.4199981689
2018-04-20,165.720001221,225.240005493,65.7900009155,44.0900001526,122.309997559,70.1999969482,113.970001221,166.279998779,13.9807691574,1072.95996094,144.899993896,51.5299987793,95.0,228.710006714,46.2299995422,76.4700012207,110.989997864,69.2300033569,108.550003052,79.0
2018-04-23,165.240005493,225.300003052,65.4800033569,44.25,123.580001831,69.9000015259,114.839996338,165.839996338,13.9615383148,1067.44995117,145.86000061,51.0999984741,95.3499984741,223.880004883,45.7999992371,77.2399978638,111.449996948,68.9100036621,109.260002136,79.5699996948
2018-04-24,162.940002441,217.88999939,65.3099975586,43.7400016785,122.540000916,68.3000030518,114.589996338,159.690002441,14.1153850555,1019.97998047,145.559997559,51.4500007629,93.1200027466,221.199996948,45.5299987793,77.3399963379,109.230003357,68.2799987793,108.290000916,78.3499984741
2018-04-25,163.649993896,217.320007324,65.0599975586,43.7099990845,122.720001221,68.7099990845,115.400001526,159.690002441,13.5096149445,1021.17999268,145.940002441,51.3800010681,92.3099975586,216.660003662,45.75,77.3600006104,109.790000916,69.0999984741,108.680000305,79.5
2018-04-26,164.220001221,221.910003662,66.9700012207,44.2099990845,124.220001221,67.4899978638,117.620002747,174.160003662,13.8269233704,1040.04003906,146.720001221,53.0499992371,94.2600021362,225.220001221,45.9599990845,77.5999984741,112.519996643,69.4700012207,111.540000916,80.8600006104
2018-04-27,162.320007324,221.899993896,64.9499969482,44.7099990845,126.620002747,67.8199996948,116.790000916,173.589996338,13.8269233704,1030.05004883,146.479995728,52.7299995422,95.8199996948,226.330001831,45.5299987793,77.0400009155,111.339996338,69.0800018311,109.779998779,77.7900009155
2018-04-30,165.259994507,221.600006104,65.5,44.2900009155,125.11000061,66.4100036621,118.169998169,172.0,13.528845787,1017.33001709,144.960006714,51.6199989319,93.5199966431,224.899993896,45.6699981689,77.2600021362,111.309997559,68.5599975586,110.930000305,77.75
2018-05-01,169.100006104,224.080001831,65.7099990845,44.8300018311,124.86000061,68.9800033569,117.559997559,173.86000061,13.5096149445,1037.31005859,145.0,53.3300018311,95.0,227.13999939,45.9500007629,76.5800018311,111.849998474,68.4000015259,110.720001221,76.9499969482
2018-05-02,176.570007324,221.100006104,65.4499969482,43.8600006104,125.489997864,67.5999984741,116.650001526,176.070007324,13.6346149445,1024.38000488,142.449996948,52.3100013733,93.5100021362,226.309997559,45.5099983215,76.8300018311,114.519996643,68.6600036621,112.25,76.8000030518
2018-05-03,176.88999939,226.050003052,65.9899978638,44.4399986267,126.010002136,67.4199981689,116.010002136,174.020004272,13.3942308426,1023.7199707,141.990005493,52.2799987793,94.0699996948,232.990005493,45.0600013733,77.2900009155,115.589996338,67.7200012207,113.370002747,76.5400009155
2018-05-04,183.830001831,228.509994507,66.8600006104,45.2999992371,125.529998779,68.4199981689,114.660003662,176.61000061,13.5576925278,1048.20996094,143.910003662,52.7799987793,95.1600036621,239.059997559,45.7099990845,77.7099990845,115.61000061,68.7900009155,113.38999939,76.9000015259
2018-05-07,185.160003662,230.990005493,66.7699966431,45.7299995422,124.940002441,69.3000030518,113.88999939,177.970001221,13.528845787,1054.79003906,143.220001221,53.3300018311,96.2200012207,248.679992676,46.0699996948,77.2799987793,115.410003662,69.2099990845,113.669998169,77.7399978638
2018-05-08,186.050003052,234.559997559,67.7399978638,45.7099990845,126.569999695,69.7600021362,115.290000916,178.919998169,13.721154213,1053.91003418,143.0,53.6300010681,95.8099975586,250.399993896,45.9399986267,78.1999969482,116.25,69.5400009155,113.190002441,78.0899963379
2018-05-09,187.36000061,239.740005493,68.6999969482,46.0400009155,128.720001221,71.9300003052,117.790000916,182.660003662,14.0576925278,1082.76000977,142.61000061,54.3400001526,96.9400024414,255.779998779,46.5800018311,82.4000015259,117.5,70.8799972534,114.819999695,79.9300003052
2018-05-10,190.039993286,241.149993896,69.3399963379,46.2999992371,128.820007324,71.9700012207,118.949996948,185.529998779,14.125,1097.56994629,144.240005493,54.9799995422,97.9100036621,260.130004883,46.9300003052,83.8600006104,117.959999084,71.1200027466,114.489997864,81.7200012207
2018-05-11,188.589996338,241.880004883,69.4400024414,45.9300003052,129.839996338,72.0,117.410003662,186.990005493,14.0384616852,1098.26000977,144.13999939,54.6699981689,97.6999969482,254.529998779,46.8199996948,84.9700012207,117.760002136,71.0800018311,114.629997253,81.2799987793
2018-05-14,188.149993896,238.369995117,69.5899963379,45.7000007629,130.38999939,72.1600036621,118.680000305,186.63999939,14.1442308426,1100.19995117,144.300003052,54.9000015259,98.0299987793,255.36000061,46.8199996948,84.8899993896,118.290000916,71.5999984741,115.870002747,81.8300018311
2018-05-15,186.440002441,236.600006104,70.0899963379,45.4799995422,129.740005493,71.8300018311,120.230003357,184.320007324,14.1442308426,1079.22998047,143.740005493,53.9199981689,97.3199996948,245.559997559,46.8100013733,84.2699966431,118.319999695,71.5999984741,115.900001526,81.7900009155
2018-05-16,188.179992676,237.38999939,69.8499984741,45.1599998474,129.559997559,71.9499969482,121.5,183.199996948,14.4519233704,1081.77001953,144.630004883,54.6399993896,97.1500015259,246.009994507,46.7299995422,84.2600021362,118.160003662,73.1100006104,114.989997864,82.0199966431
2018-05-17,186.990005493,236.850006104,70.6600036621,43.4599990845,129.460006714,72.9700012207,126.150001526,183.759994507,14.4519233704,1078.58996582,144.5,54.8100013733,96.1800003052,247.710006714,46.5400009155,86.1600036621,121.870002747,74.4300003052,119.709999084,81.8799972534
2018-05-18,186.309997559,238.089996338,69.5500030518,43.2099990845,127.86000061,73.1399993896,125.790000916,182.679992676,14.3942308426,1066.35998535,144.080001831,53.5,96.3600006104,245.940002441,46.3199996948,85.4199981689,120.330001831,74.2900009155,120.559997559,81.3000030518
2018-05-21,187.630004883,238.100006104,70.6600036621,43.75,129.369995117,74.0800018311,127.449996948,184.490005493,14.6730766296,1079.57995605,145.490005493,54.3199996948,97.5999984741,244.240005493,47.2099990845,85.7900009155,121.440002441,75.0299987793,122.059997559,82.2799987793
2018-05-22,187.160003662,238.789993286,70.1299972534,43.6500015259,128.229995728,73.2600021362,123.760002136,183.800003052,14.7019233704,1069.72998047,145.089996338,54.4500007629,97.5,242.699996948,46.3699989319,84.9499969482,118.75,73.7300033569,120.150001526,81.6399993896
2018-05-23,188.36000061,243.910003662,69.1200027466,43.6800003052,128.699996948,73.0100021362,122.980003357,186.899993896,13.6346149445,1079.68994141,144.669998169,55.2099990845,98.6600036621,247.539993286,46.9000015259,85.3300018311,118.949996948,73.4499969482,121.050003052,82.1500015259
2018-05-24,188.149993896,245.149993896,68.4499969482,43.5699996948,126.61000061,73.25,119.980003357,185.929992676,14.0384616852,1079.23999023,144.070007324,54.75,98.3099975586,247.690002441,46.4599990845,83.8600006104,118.819999695,71.2200012207,121.879997253,80.2699966431
2018-05-25,188.580001831,243.559997559,65.4700012207,43.2599983215,122.190002441,72.4899978638,117.760002136,184.919998169,14.0673074722,1075.66003418,143.63999939,55.4399986267,98.3600006104,249.279998779,47.0,82.4000015259,115.599998474,68.5999984741,118.730003357,78.7099990845
2018-05-29,187.899993896,242.190002441,65.7099990845,42.9700012207,121.38999939,70.7699966431,116.209999084,185.740005493,13.6346149445,1060.31994629,141.220001221,55.3199996948,98.0100021362,248.589996338,46.2599983215,81.8300018311,116.809997559,68.0699996948,119.470001221,78.4199981689
2018-05-30,187.5,247.399993896,68.0500030518,42.8499984741,125.160003662,71.6500015259,119.760002136,187.669998169,13.625,1067.80004883,142.619995117,55.6800003052,98.9499969482,252.990005493,47.0499992371,84.0699996948,119.180000305,69.4800033569,122.209999084,81.5
2018-05-31,186.869995117,249.279998779,67.3899993896,42.7099990845,124.300003052,70.8399963379,117.809997559,191.779998779,13.5384616852,1084.98999023,141.309997559,55.2000007629,98.8399963379,252.190002441,46.7200012207,84.1999969482,116.489997864,68.6699981689,121.199996948,81.2399978638
2018-06-01,190.240005493,251.309997559,68.2900009155,43.6599998474,123.849998474,71.3700027466,118.349998474,193.990005493,13.5576925278,1119.5,141.949996948,57.0800018311,100.790000916,257.619995117,47.3499984741,85.0999984741,119.0,68.9599990845,123.779998779,81.8300018311
2018-06-04,191.830001831,253.339996338,67.9000015259,43.5800018311,122.260002136,71.5100021362,118.669998169,193.279998779,13.1826925278,1139.29003906,143.039993286,56.8300018311,101.669998169,264.850006104,47.3199996948,85.3600006104,119.199996948,69.0699996948,124.440002441,80.9700012207
2018-06-05,193.309997559,252.699996948,67.5599975586,43.6699981689,122.730003357,72.6699981689,116.580001831,192.940002441,13.2692308426,1139.66003418,143.699996948,56.5299987793,102.190002441,265.070007324,47.1300010681,85.5100021362,118.830001831,68.4599990845,123.330001831,80.6800003052
2018-06-06,193.979995728,253.949996948,67.8799972534,44.2599983215,123.379997253,73.2900009155,116.13999939,191.339996338,13.1153850555,1136.88000488,144.710006714,57.0299987793,102.489997864,265.149993896,47.75,86.4599990845,116.650001526,68.8899993896,121.199996948,82.0599975586
2018-06-07,193.460006714,247.509994507,69.4800033569,43.6500015259,126.959999084,73.3700027466,117.930000305,188.179992676,13.25,1123.85998535,145.36000061,55.8800010681,100.879997253,262.899993896,47.6800003052,86.4800033569,117.440002441,69.5999984741,121.489997864,82.8799972534
2018-06-08,191.699996948,251.210006714,69.4300003052,43.4799995422,126.440002441,73.1500015259,117.669998169,189.100006104,13.3942308426,1120.86999512,146.13999939,55.0499992371,101.629997253,262.279998779,48.1800003052,85.4700012207,116.839996338,69.4300003052,119.720001221,83.5999984741
2018-06-11,191.229995728,251.0,70.4899978638,43.6899986267,127.559997559,73.1800003052,118.010002136,191.539993286,13.4423074722,1129.98999023,146.580001831,54.5200004578,101.050003052,260.619995117,48.1899986267,86.1500015259,117.019996643,69.8700027466,120.569999695,83.0999984741
2018-06-12,192.279998779,252.589996338,69.4300003052,43.9399986267,127.080001831,73.2099990845,118.470001221,192.399993896,13.4423074722,1139.31994629,146.869995117,54.8199996948,101.309997559,262.579986572,48.4500007629,84.9300003052,115.550003052,68.5999984741,118.019996643,82.4199981689
2018-06-13,190.699996948,256.130004883,69.6200027466,44.0099983215,127.069999695,72.7799987793,118.25,192.410003662,13.3557691574,1134.79003906,146.350006104,55.0299987793,100.849998474,262.399993896,48.2700004578,84.3300018311,115.75,67.9700012207,117.879997253,81.5100021362
2018-06-14,190.800003052,258.100006104,68.1299972534,44.6899986267,126.510002136,72.9000015259,117.529998779,196.809997559,13.1153850555,1152.11999512,145.199996948,55.5400009155,101.419998169,266.910003662,45.9000015259,84.3499984741,115.550003052,68.3300018311,116.819999695,81.8899993896
2018-06-15,188.839996338,251.820007324,65.3600006104,44.25,124.040000916,72.2799987793,114.180000305,195.850006104,12.7884616852,1152.26000977,145.38999939,55.1100006104,100.129997253,265.260009766,46.2799987793,83.3300018311,114.300003052,66.8300018311,115.180000305,80.6600036621
2018-06-18,188.740005493,255.690002441,66.5999984741,44.2099990845,125.970001221,72.1399993896,116.620002747,198.309997559,12.6923074722,1173.45996094,144.479995728,53.2200012207,100.86000061,265.089996338,46.5200004578,83.7900009155,114.940002441,67.0400009155,116.540000916,80.8199996948
2018-06-19,185.690002441,251.740005493,66.2600021362,43.8199996948,125.540000916,70.5599975586,117.080001831,197.490005493,12.4519233704,1168.06005859,143.899993896,52.9300003052,100.86000061,260.170013428,46.2700004578,82.5800018311,114.580001831,65.6999969482,116.620002747,80.6999969482
2018-06-20,186.5,251.240005493,67.4700012207,43.7400016785,125.290000916,70.3899993896,119.430000305,202.0,12.3846149445,1169.83996582,142.630004883,53.4599990845,101.870002747,262.309997559,42.8199996948,83.2399978638,114.589996338,65.5500030518,115.730003357,80.4499969482
2018-06-21,185.460006714,248.830001831,65.1100006104,43.1599998474,122.589996338,69.1999969482,116.599998474,201.5,12.2692308426,1157.66003418,141.25,52.1899986267,101.13999939,257.109985352,43.0999984741,82.0899963379,111.449996948,64.7900009155,111.220001221,79.6900024414
2018-06-22,184.919998169,243.630004883,67.7799987793,43.2000007629,125.099998474,69.8700027466,118.510002136,201.740005493,12.5480766296,1155.47998047,141.279998779,52.5,100.410003662,250.949996948,44.0999984741,83.3300018311,112.019996643,66.5800018311,112.239997864,81.3799972534
2018-06-25,182.169998169,239.679992676,66.1399993896,42.2900009155,122.61000061,69.1500015259,116.830001831,196.350006104,12.2596149445,1124.81005859,138.789993286,50.7099990845,98.3899993896,239.119995117,44.2799987793,81.3499984741,110.449996948,65.4300003052,109.260002136,79.7399978638
2018-06-26,184.429992676,242.25,67.3399963379,42.5499992371,124.160003662,68.9499969482,119.680000305,199.0,13.2115383148,1118.45996094,139.080001831,49.6699981689,99.0800018311,241.990005493,44.4099998474,82.6800003052,110.809997559,66.0199966431,110.25,80.6399993896
2018-06-27,184.160003662,237.679992676,68.7399978638,42.3300018311,126.0,68.5500030518,123.930000305,195.839996338,13.4230766296,1103.97998047,137.479995728,48.7599983215,97.5400009155,235.720001221,43.4500007629,83.7699966431,110.709999084,66.8099975586,109.519996643,81.7099990845
2018-06-28,185.5,239.809997559,68.4100036621,42.9399986267,125.660003662,68.5899963379,123.5,196.229995728,13.2980766296,1114.2199707,140.039993286,49.25,98.6299972534,240.86000061,43.8400001526,83.4000015259,111.739997864,67.0100021362,109.11000061,81.9700012207
2018-06-29,185.11000061,243.809997559,69.6200027466,43.0299987793,126.430000305,69.1399993896,124.430000305,194.320007324,13.0865383148,1115.65002441,139.699996948,49.7099990845,98.6100006104,236.899993896,44.0600013733,83.6800003052,112.309997559,67.0299987793,110.830001831,82.7300033569
2018-07-02,187.179992676,243.259994507,68.5899963379,42.8100013733,124.25,69.4400024414,122.400001526,197.36000061,12.8557691574,1127.45996094,139.86000061,50.2000007629,100.010002136,242.240005493,44.9500007629,82.5199966431,110.61000061,65.2099990845,109.230003357,81.7600021362
2018-07-03,183.919998169,242.009994507,69.5599975586,42.6699981689,124.730003357,68.7699966431,122.430000305,192.729995728,12.8557691574,1102.89001465,139.570007324,49.4700012207,99.0500030518,236.839996338,44.7200012207,83.8600006104,110.510002136,65.8399963379,108.169998169,82.2399978638
2018-07-05,185.399993896,244.179992676,68.9300003052,42.5600013733,123.980003357,69.1800003052,123.220001221,198.449996948,12.9134616852,1124.27001953,141.429992676,50.75,99.7600021362,242.729995728,45.4099998474,84.1900024414,110.150001526,66.4300003052,107.529998779,82.3099975586
2018-07-06,187.970001221,248.190002441,69.6500015259,42.7099990845,124.13999939,69.2799987793,124.349998474,203.229995728,13.3173074722,1140.17004395,142.479995728,51.3699989319,101.160003662,247.330001831,46.0,84.25,111.180000305,67.0299987793,107.830001831,82.3300018311
2018-07-09,190.580001831,249.770004272,71.0,42.6699981689,125.989997864,70.8399963379,126.129997253,204.740005493,13.4134616852,1154.05004883,144.38999939,51.8600006104,101.849998474,249.25,46.7299995422,85.25,112.589996338,68.3399963379,109.269996643,82.9000015259
2018-07-10,190.350006104,248.630004883,71.7399978638,42.8600006104,127.589996338,70.9899978638,126.970001221,203.539993286,13.625,1152.83996582,144.710006714,52.1599998474,102.120002747,253.25,46.9900016785,85.6999969482,113.190002441,69.4899978638,108.620002747,83.6600036621
2018-07-11,187.880004883,248.119995117,70.0500030518,42.5699996948,123.519996643,69.0699996948,124.660003662,202.539993286,13.4519233704,1153.90002441,144.940002441,51.2000007629,101.980003357,247.529998779,47.6399993896,83.9300003052,110.660003662,68.3399963379,106.36000061,82.5899963379
2018-07-12,191.029998779,254.869995117,71.4499969482,43.5800018311,124.260002136,70.2300033569,124.13999939,206.919998169,13.4519233704,1183.47998047,146.449996948,52.3499984741,104.190002441,251.229995728,48.1500015259,84.5599975586,111.13999939,67.4700012207,106.790000916,82.6900024414
2018-07-13,191.330001831,258.589996338,72.0,41.7799987793,124.040000916,70.5800018311,125.959999084,207.320007324,13.3557691574,1188.81994629,145.899993896,52.2200012207,105.430000305,249.320007324,48.6300010681,83.6399993896,111.809997559,68.0800018311,107.339996338,83.3099975586
2018-07-16,190.910003662,254.679992676,70.5800018311,42.5,122.980003357,69.3099975586,124.61000061,207.229995728,13.3653850555,1183.85998535,145.460006714,52.0099983215,104.910003662,248.199996948,48.4599990845,82.5299987793,111.319999695,67.4199981689,106.300003052,82.4899978638
2018-07-17,191.449996948,258.309997559,70.2799987793,42.3400001526,121.910003662,69.4800033569,124.319999695,209.990005493,13.1634616852,1198.80004883,143.490005493,51.75,105.949996948,253.690002441,48.9000015259,82.6900024414,111.059997559,66.7399978638,106.089996338,82.3099975586
2018-07-18,190.399993896,259.779998779,70.3499984741,42.2099990845,121.529998779,69.6900024414,123.580001831,209.36000061,13.221154213,1195.88000488,144.520004272,51.7200012207,105.120002747,251.699996948,48.6399993896,82.9599990845,110.900001526,67.0599975586,106.650001526,82.2200012207
2018-07-19,191.880004883,257.679992676,69.6900024414,42.4000015259,121.669998169,69.8000030518,122.38999939,208.089996338,13.2019233704,1186.95996094,149.240005493,51.9799995422,104.400001526,252.029998779,48.4399986267,82.9800033569,110.900001526,66.9199981689,107.0,82.0100021362
2018-07-20,191.440002441,257.540008545,70.0100021362,42.0099983215,122.269996643,69.2799987793,122.349998474,209.940002441,12.6153850555,1184.91003418,146.350006104,51.9099998474,106.269996643,250.88999939,48.5200004578,83.0800018311,110.36000061,66.0899963379,106.209999084,81.4000015259
2018-07-23,191.61000061,259.470001221,69.9800033569,42.0600013733,121.330001831,67.8899993896,122.86000061,210.910003662,12.4903850555,1205.5,145.699996948,52.3100013733,107.970001221,249.410003662,48.6699981689,82.4499969482,110.440002441,65.7399978638,106.279998779,81.4000015259
2018-07-24,193.0,257.489990234,70.8499984741,42.3899993896,123.849998474,68.8700027466,125.620002747,214.669998169,12.6153850555,1248.07995605,146.380004883,52.1800003052,107.660003662,248.710006714,48.6699981689,83.4599990845,111.220001221,65.5199966431,107.269996643,83.0100021362
2018-07-25,194.820007324,263.170013428,71.5100021362,43.1599998474,124.900001526,70.1999969482,128.380004883,217.5,12.6057691574,1263.69995117,146.619995117,52.4300003052,110.830001831,251.869995117,48.9500007629,84.3300018311,112.349998474,65.7799987793,109.330001831,83.5899963379
2018-07-26,194.210006714,261.929992676,71.8000030518,43.5299987793,123.949996948,71.2600021362,128.86000061,176.259994507,12.6442308426,1268.32995605,146.710006714,52.1599998474,109.620002747,254.839996338,48.8699989319,84.1600036621,116.0,66.8600006104,116.830001831,84.2399978638
2018-07-27,190.979995728,254.809997559,71.4499969482,42.5699996948,125.970001221,71.2600021362,129.149993896,174.88999939,12.5576925278,1238.5,145.149993896,47.6800003052,107.680000305,252.020004272,48.6300010681,83.4700012207,118.790000916,67.0400009155,116.349998474,81.9199981689
2018-07-30,189.910003662,242.320007324,72.2699966431,42.1699981689,127.830001831,70.5299987793,129.899993896,171.059997559,12.653845787,1219.73999023,145.490005493,47.6899986267,105.370002747,244.130004883,47.7299995422,83.3099975586,122.150001526,67.5800018311,117.260002136,81.7399978638
2018-07-31,190.289993286,244.679992676,72.1699981689,42.2900009155,126.269996643,72.2799987793,128.940002441,172.580001831,13.1057691574,1217.26000977,144.929992676,48.0999984741,106.080001831,244.86000061,47.6800003052,83.9300003052,123.339996338,67.5199966431,118.349998474,81.5100021362
2018-08-01,201.5,248.009994507,71.8099975586,41.8600006104,125.38999939,71.3000030518,125.569999695,171.649993896,12.7307691574,1220.01000977,143.5,48.8100013733,106.279998779,246.470001221,47.3499984741,82.6399993896,123.010002136,66.6600036621,116.779998779,80.3899993896
2018-08-02,207.38999939,252.220001221,71.5599975586,42.5299987793,123.760002136,71.2799987793,125.930000305,176.369995117,12.6634616852,1226.15002441,142.960006714,49.4799995422,107.569999695,250.619995117,47.9000015259,82.2399978638,122.050003052,65.9400024414,115.330001831,79.9100036621
2018-08-03,207.990005493,253.279998779,71.2900009155,42.8300018311,124.050003052,71.4800033569,122.410003662,177.779998779,12.6346149445,1223.70996094,147.699996948,49.6300010681,108.040000916,252.100006104,48.4700012207,82.2900009155,121.660003662,65.8899993896,115.379997253,80.1999969482
2018-08-06,209.070007324,254.11000061,71.7300033569,43.2999992371,124.300003052,71.6200027466,123.900001526,185.690002441,12.596154213,1224.77001953,146.029998779,49.2999992371,108.129997253,254.029998779,48.6699981689,82.3000030518,122.540000916,65.7399978638,114.88999939,80.1800003052
2018-08-07,207.11000061,253.38999939,72.9000015259,43.5800018311,125.180000305,74.6600036621,124.430000305,183.809997559,12.653845787,1242.2199707,147.009994507,49.7000007629,108.879997253,256.950012207,48.4799995422,81.9400024414,122.720001221,66.6800003052,116.709999084,81.2699966431
2018-08-08,207.25,253.830001831,71.3899993896,43.8400001526,123.879997253,74.0400009155,122.769996643,185.179992676,12.5480766296,1245.60998535,146.88999939,49.9599990845,109.489997864,258.420013428,48.3899993896,81.1999969482,122.980003357,66.4100036621,115.900001526,80.7300033569
2018-08-09,208.880004883,253.800003052,71.75,43.7799987793,122.529998779,74.0500030518,122.309997559,183.089996338,12.4423074722,1249.09997559,144.770004272,50.1399993896,109.669998169,256.459991455,48.5400009155,77.7900009155,122.180000305,65.4000015259,115.13999939,80.3199996948
2018-08-10,207.529998779,253.699996948,71.9400024414,43.7799987793,123.339996338,73.8600006104,122.769996643,180.259994507,12.278845787,1237.60998535,144.479995728,48.8499984741,109.0,254.789993286,48.3199996948,78.7799987793,122.589996338,66.0400009155,115.370002747,79.4199981689
2018-08-13,208.869995117,253.539993286,71.0699996948,43.75,122.440002441,73.4499969482,121.5,180.050003052,11.971154213,1235.01000977,142.710006714,48.4500007629,108.209999084,256.119995117,48.0099983215,78.1399993896,121.569999695,64.9700012207,114.790000916,78.5599975586
2018-08-14,209.75,256.049987793,72.1500015259,44.0,122.580001831,74.2399978638,123.069999695,181.11000061,11.875,1242.09997559,143.36000061,48.1199989319,109.559997559,261.429992676,48.2299995422,79.6600036621,120.940002441,64.8000030518,115.050003052,78.3099975586
2018-08-15,210.240005493,250.520004272,67.8199996948,43.8600006104,117.940002441,73.5599975586,115.440002441,179.529998779,11.75,1214.38000488,143.910003662,47.4599990845,107.660003662,259.079986572,47.8400001526,76.9300003052,115.379997253,62.2900009155,111.519996643,76.9400024414
2018-08-16,213.320007324,248.88999939,69.4100036621,45.1599998474,117.660003662,73.9599990845,115.910003662,174.699996948,11.8269233704,1206.48999023,145.339996338,47.1699981689,107.63999939,257.440002441,48.0999984741,78.0199966431,114.940002441,62.4900016785,111.319999695,78.0
2018-08-17,217.580001831,245.699996948,69.7699966431,45.8699989319,117.800003052,74.8600006104,114.769996643,173.800003052,11.8269233704,1200.95996094,146.059997559,47.0999984741,107.580001831,244.820007324,48.3600006104,78.5500030518,115.440002441,62.8300018311,111.0,78.2600021362
2018-08-20,215.460006714,249.759994507,70.5199966431,46.2200012207,117.75,75.5400009155,114.769996643,172.5,11.8269233704,1207.77001953,146.509994507,46.5,106.870002747,247.839996338,48.4199981689,79.0100021362,116.080001831,63.5,113.400001526,78.8099975586
2018-08-21,215.039993286,251.5,70.8899993896,45.7799987793,117.940002441,76.5999984741,115.489997864,172.619995117,12.1442308426,1201.61999512,145.970001221,47.6199989319,105.980003357,253.320007324,48.4099998474,78.8899993896,116.510002136,64.7600021362,114.13999939,78.8300018311
2018-08-22,215.050003052,255.539993286,72.0,45.9900016785,118.919998169,75.1600036621,117.319999695,173.63999939,11.9903850555,1207.32995605,145.240005493,47.0499992371,107.059997559,262.820007324,48.7999992371,79.3300018311,117.019996643,65.0899963379,115.680000305,79.9599990845
2018-08-23,215.490005493,257.0,72.0500030518,46.0200004578,118.099998474,75.5699996948,116.400001526,172.899993896,12.0576925278,1205.38000488,145.369995117,46.9799995422,107.559997559,266.839996338,48.9599990845,78.9800033569,118.370002747,64.6500015259,118.059997559,79.0800018311
2018-08-24,216.160003662,261.510009766,72.6100006104,46.3199996948,119.010002136,75.6699981689,117.459999084,174.649993896,12.0192308426,1220.65002441,146.039993286,47.6599998474,108.400001526,272.220001221,49.2599983215,79.3399963379,119.25,65.25,120.550003052,79.6200027466
2018-08-27,217.940002441,262.399993896,72.8399963379,46.5900001526,120.349998474,76.6500015259,118.650001526,177.460006714,12.278845787,1241.81994629,146.690002441,48.3499984741,109.599998474,275.899993896,49.3300018311,80.2099990845,120.029998779,64.8499984741,121.209999084,80.4000015259
2018-08-28,219.699996948,263.040008545,72.0500030518,46.9500007629,119.86000061,76.5299987793,117.970001221,176.259994507,12.2692308426,1231.15002441,146.589996338,48.5699996948,110.260002136,274.380004883,48.6399993896,80.1100006104,119.75,64.0699996948,120.38999939,80.2799987793
2018-08-29,222.979995728,268.359985352,73.5400009155,47.4799995422,120.220001221,76.8000030518,118.779998779,175.899993896,12.471154213,1249.30004883,147.539993286,48.75,112.019996643,278.489990234,48.8899993896,80.2300033569,120.440002441,64.4899978638,120.61000061,80.8600006104
2018-08-30,225.029998779,266.429992676,73.5599975586,47.1500015259,119.809997559,76.3600006104,118.910003662,177.63999939,12.278845787,1239.11999512,145.929992676,48.2400016785,111.949996948,277.809997559,48.3800010681,80.1299972534,119.550003052,64.3399963379,119.050003052,80.5100021362
2018-08-31,227.630004883,263.510009766,73.4300003052,47.7700004578,118.459999084,76.7300033569,118.230003357,175.729995728,12.4423074722,1218.18994141,146.479995728,48.4300003052,112.330001831,280.679992676,48.5800018311,79.8700027466,118.510002136,63.1599998474,117.879997253,80.1699981689
2018-09-04,228.36000061,266.679992676,73.1100006104,47.7299995422,118.870002747,76.4000015259,117.680000305,171.160003662,12.1826925278,1197.0,145.679992676,47.9599990845,111.709999084,283.700012207,48.5800018311,79.2699966431,118.959999084,61.9199981689,120.239997864,80.2900009155
2018-09-05,226.869995117,256.140014648,73.0,47.2700004578,118.919998169,77.2699966431,117.88999939,167.179992676,12.0769233704,1186.47998047,146.660003662,47.7200012207,108.489997864,278.420013428,48.0400009155,79.1399993896,117.989997864,61.0200004578,116.910003662,81.3600006104
2018-09-06,223.100006104,259.75,70.5400009155,47.2799987793,115.230003357,76.2099990845,115.5,162.529998779,12.028845787,1171.43994141,146.38999939,47.2599983215,108.739997864,272.720001221,47.7099990845,77.5699996948,116.699996948,60.2099990845,116.069999695,80.4599990845
2018-09-07,221.300003052,260.869995117,70.2200012207,47.0499992371,114.599998474,75.7900009155,114.470001221,163.039993286,11.9230766296,1164.82995605,145.449996948,46.4500007629,108.209999084,271.859985352,47.8100013733,76.6500015259,114.300003052,59.7000007629,115.080001831,81.8300018311
2018-09-10,218.330001831,265.369995117,71.1500015259,47.0699996948,114.480003357,76.2699966431,114.319999695,164.179992676,12.028845787,1164.64001465,145.649993896,46.2999992371,109.379997253,274.730010986,48.8600006104,76.8799972534,113.949996948,59.9799995422,115.25,81.7099990845
2018-09-11,223.850006104,267.0,71.4700012207,47.0299987793,115.019996643,76.2200012207,116.220001221,165.940002441,11.8557691574,1177.35998535,146.490005493,44.9300003052,111.239997864,272.799987793,48.9199981689,77.1200027466,112.550003052,60.3199996948,115.099998474,82.8600006104
2018-09-12,221.070007324,267.790008545,71.9700012207,46.8899993896,115.790000916,77.1100006104,116.940002441,162.0,12.125,1162.81994629,146.570007324,44.9300003052,111.709999084,268.200012207,49.3400001526,75.7399978638,112.160003662,60.8199996948,116.309997559,83.1299972534
2018-09-13,226.410003662,268.519989014,72.5500030518,47.2400016785,116.300003052,77.75,116.620002747,161.36000061,12.221154213,1175.32995605,148.949996948,45.5699996948,112.910003662,271.339996338,48.9599990845,76.6399993896,113.019996643,61.0200004578,116.830001831,82.3199996948
2018-09-14,223.839996338,274.690002441,73.5,47.4000015259,117.379997253,77.5400009155,117.819999695,162.320007324,12.1923074722,1172.5300293,148.330001831,45.5400009155,113.370002747,276.429992676,49.25,77.5800018311,113.599998474,61.2299995422,117.129997253,82.9199981689
2018-09-17,217.880004883,268.25,74.2399978638,47.1100006104,117.510002136,77.7699966431,117.540000916,160.580001831,12.2115383148,1156.05004883,147.940002441,45.4199981689,112.13999939,273.929992676,49.1800003052,77.5999984741,112.809997559,60.9700012207,115.459999084,83.4100036621
2018-09-18,218.240005493,270.790008545,75.0400009155,47.4599990845,118.129997253,78.4100036621,119.449996948,160.300003052,12.1730766296,1161.2199707,148.559997559,46.0999984741,113.209999084,271.019989014,49.0299987793,78.8799972534,113.300003052,60.9900016785,115.330001831,83.6299972534
2018-09-19,218.369995117,264.880004883,75.5299987793,47.2799987793,119.510002136,77.4100036621,120.169998169,163.059997559,12.3653850555,1171.08996582,149.059997559,46.1500015259,111.699996948,271.980010986,49.4300003052,79.3799972534,109.36000061,61.2299995422,109.699996948,84.6299972534
2018-09-20,220.029998779,266.339996338,75.3600006104,47.7299995422,119.419998169,78.3799972534,119.209999084,166.020004272,11.9807691574,1186.86999512,151.149993896,47.2000007629,113.569999695,266.279998779,50.4300003052,79.2300033569,110.330001831,61.5699996948,110.480003357,84.8199996948
2018-09-21,217.660003662,260.880004883,76.2799987793,48.5600013733,121.129997253,78.0100021362,119.459999084,162.929992676,11.7019233704,1166.08996582,151.350006104,46.6599998474,114.260002136,263.450012207,51.0999984741,79.5999984741,111.660003662,61.1300010681,112.239997864,85.1699981689
2018-09-24,220.789993286,264.089996338,77.0599975586,48.4399986267,122.620002747,77.4800033569,123.989997864,165.410003662,11.2884616852,1173.36999512,150.029998779,46.9099998474,114.669998169,265.700012207,51.2400016785,80.75,113.459999084,61.5999984741,114.959999084,86.5999984741
2018-09-25,222.190002441,267.839996338,78.1100006104,48.4700012207,123.370002747,77.2099990845,125.63999939,164.910003662,10.8365383148,1184.65002441,148.910003662,45.9099998474,114.449996948,268.410003662,51.7200012207,81.3099975586,114.879997253,62.5299987793,116.760002136,86.5
2018-09-26,220.419998169,268.470001221,77.2799987793,48.4099998474,121.949996948,76.6500015259,125.309997559,166.949996948,10.9519233704,1180.48999023,151.61000061,45.7000007629,113.980003357,266.920013428,51.6300010681,81.0100021362,113.88999939,60.8800010681,116.519996643,85.7799987793
2018-09-27,224.949996948,269.910003662,77.5199966431,48.3300018311,122.470001221,76.7900009155,127.0,168.839996338,11.0865383148,1194.64001465,151.5,45.8800010681,114.410003662,267.399993896,51.6899986267,81.1699981689,112.879997253,61.1699981689,115.290000916,85.7699966431
2018-09-28,225.740005493,269.950012207,77.4000015259,48.6500015259,122.279998779,76.5800018311,127.569999695,164.460006714,10.8557691574,1193.4699707,151.210006714,47.2900009155,114.370002747,281.019989014,51.5600013733,82.1699981689,112.720001221,60.9199981689,113.75,85.0199966431
2018-10-01,227.259994507,275.489990234,79.8899993896,48.8699989319,124.38999939,77.6399993896,129.490005493,162.440002441,11.625,1195.31005859,153.0,46.4500007629,115.61000061,289.359985352,51.7999992371,83.1299972534,114.480003357,61.5900001526,113.879997253,85.8099975586
2018-10-02,229.279998779,272.0,78.2799987793,49.0099983215,124.739997864,77.8600006104,130.0,159.330001831,11.846154213,1200.10998535,153.75,48.0999984741,115.150001526,286.480010986,50.2299995422,82.8700027466,114.690002441,61.8899993896,115.519996643,86.4599990845
2018-10-03,232.070007324,270.510009766,78.5699996948,49.1399993896,125.309997559,78.5199966431,130.380004883,162.429992676,12.0,1202.94995117,153.220001221,48.7599983215,115.169998169,286.730010986,49.75,82.4499969482,118.470001221,62.6199989319,119.989997864,86.1500015259
2018-10-04,227.990005493,263.709991455,78.2799987793,48.3800010681,124.949996948,78.1600036621,130.229995728,158.850006104,12.1730766296,1168.18994141,151.309997559,48.1300010681,112.790000916,279.290008545,49.4700012207,82.1800003052,117.699996948,62.8499984741,117.220001221,85.5800018311
2018-10-05,224.289993286,263.220001221,78.3899993896,48.1300010681,125.330001831,78.0599975586,131.050003052,157.330001831,12.6730766296,1157.34997559,149.029998779,47.0299987793,112.129997253,269.859985352,49.3499984741,81.4000015259,118.370002747,63.0,117.11000061,85.3399963379
2018-10-08,223.770004272,254.690002441,78.2799987793,47.5200004578,124.839996338,77.9000015259,129.830001831,157.25,13.0865383148,1148.9699707,148.38999939,47.0299987793,110.849998474,265.769989014,49.3600006104,81.75,118.13999939,62.9399986267,116.180000305,86.1299972534
2018-10-09,226.869995117,254.160003662,79.4000015259,47.4900016785,126.819999695,75.9800033569,132.350006104,157.899993896,13.028845787,1138.81994629,147.240005493,46.5499992371,112.260002136,265.540008545,48.8699989319,82.2300033569,117.680000305,63.1100006104,115.660003662,86.5100021362
2018-10-10,216.36000061,237.910003662,75.0899963379,45.6300010681,122.599998474,73.3499984741,126.470001221,151.380004883,12.7692308426,1081.2199707,142.690002441,44.7999992371,106.160003662,245.690002441,47.4000015259,77.9199981689,113.050003052,60.8199996948,110.839996338,84.5199966431
2018-10-11,214.449996948,238.589996338,72.7900009155,44.1199989319,118.430000305,71.1999969482,121.620002747,153.350006104,12.2307691574,1079.31994629,139.020004272,44.2299995422,105.910003662,235.130004883,46.7799987793,76.5299987793,109.459999084,59.1199989319,106.88999939,81.5999984741
2018-10-12,222.11000061,248.869995117,73.8300018311,45.7099990845,117.769996643,71.9199981689,122.180000305,153.740005493,11.846154213,1110.07995605,140.850006104,44.8800010681,109.569999695,246.539993286,47.3800010681,76.9599990845,109.459999084,59.3300018311,108.25,81.3799972534
2018-10-15,217.36000061,238.009994507,73.2699966431,44.6699981689,116.940002441,71.4199981689,122.569999695,153.520004272,11.6826925278,1092.25,141.130004883,44.5299987793,107.599998474,235.380004883,47.1199989319,72.2399978638,107.209999084,59.5499992371,103.790000916,80.8199996948
2018-10-16,222.149993896,260.670013428,73.8000030518,45.8199996948,117.510002136,73.5699996948,122.260002136,158.779998779,11.6346149445,1121.2800293,145.119995117,45.9399986267,111.0,245.830001831,48.2299995422,73.1200027466,109.86000061,59.6800003052,105.910003662,81.1999969482
2018-10-17,221.190002441,258.910003662,72.4800033569,45.9399986267,117.290000916,74.0,120.13999939,159.419998169,11.721154213,1115.68994141,134.050003052,45.8899993896,110.709999084,243.059997559,47.8600006104,72.9199981689,108.779998779,59.2400016785,103.739997864,81.5
2018-10-18,216.020004272,250.350006104,72.5899963379,45.4599990845,117.470001221,72.4400024414,118.550003052,154.919998169,11.903845787,1087.9699707,130.550003052,44.9700012207,108.5,239.529998779,47.3800010681,71.9000015259,109.120002747,58.4300003052,103.38999939,81.8499984741
2018-10-19,219.309997559,245.029998779,72.4899978638,45.3400001526,118.13999939,72.2699966431,117.669998169,154.050003052,12.0769233704,1096.45996094,129.100006104,44.0,108.660003662,229.169998169,47.5900001526,72.1800003052,102.769996643,58.4700012207,92.7600021362,81.9700012207
2018-10-22,220.649993896,251.059997559,72.0500030518,45.7599983215,117.209999084,71.7200012207,116.25,154.779998779,11.903845787,1101.16003418,130.020004272,45.0099983215,109.629997253,231.220001221,47.9399986267,72.2900009155,103.150001526,56.8100013733,92.8499984741,81.1500015259
2018-10-23,222.729995728,251.759994507,69.2200012207,45.4199981689,113.400001526,68.9700012207,111.120002747,154.38999939,12.2019233704,1103.68994141,131.210006714,44.5,108.099998474,221.059997559,47.9900016785,70.6399993896,99.8000030518,55.0900001526,91.6600036621,79.8399963379
2018-10-24,215.089996338,238.440002441,65.6900024414,44.0699996948,110.209999084,66.0100021362,106.13999939,146.039993286,11.7019233704,1050.70996094,127.209999084,42.4199981689,102.319999695,199.410003662,46.7599983215,68.2300033569,95.3000030518,53.0099983215,86.6900024414,77.6200027466
2018-10-25,219.800003052,252.919998169,68.0199966431,45.4700012207,111.580001831,67.0999984741,107.120002747,150.949996948,11.346154213,1095.56994629,126.449996948,44.3100013733,108.300003052,207.839996338,47.9599990845,68.6500015259,98.4899978638,53.2999992371,87.3799972534,78.3099975586
2018-10-26,216.300003052,245.800003052,68.4800033569,44.25,111.529998779,66.25,106.559997559,145.369995117,10.8653850555,1071.4699707,124.790000916,45.6899986267,106.959999084,198.289993286,47.3199996948,67.9100036621,99.4499969482,52.9000015259,85.7900009155,77.5299987793
2018-10-29,212.240005493,239.75,67.3499984741,43.8400001526,108.930000305,66.3300018311,102.040000916,142.089996338,10.7307691574,1020.08001709,119.63999939,45.4000015259,103.849998474,185.619995117,47.0200004578,66.4599990845,98.5199966431,51.4500007629,87.3799972534,77.0500030518
2018-10-30,213.300003052,238.410003662,69.5199966431,44.5800018311,110.849998474,67.8099975586,105.510002136,146.220001221,9.78846168518,1036.20996094,115.400001526,47.7599983215,103.730003357,203.0,48.5699996948,67.5500030518,102.059997559,52.3199996948,90.0999984741,78.7799987793
2018-10-31,218.86000061,245.759994507,69.9000015259,45.75,111.650001526,67.8799972534,105.339996338,151.789993286,9.71153831482,1076.77001953,115.430000305,46.8800010681,106.809997559,210.830001831,48.8400001526,67.0699996948,102.819999695,51.3100013733,91.0899963379,79.6800003052
2018-11-01,222.220001221,245.279998779,69.5800018311,45.6500015259,111.169998169,69.9499969482,106.88999939,151.75,9.21153831482,1070.0,116.830001831,48.2200012207,105.919998169,218.11000061,48.5900001526,68.3499984741,102.5,51.6599998474,92.5100021362,80.6699981689
2018-11-02,207.479995728,239.63999939,67.8399963379,45.4799995422,114.730003357,69.6200027466,102.349998474,150.350006104,8.93269252777,1057.79003906,115.669998169,47.1100006104,106.160003662,214.919998169,48.8300018311,68.3099975586,99.0100021362,51.4000015259,91.8300018311,81.9499969482
2018-11-05,201.589996338,239.88999939,69.0299987793,46.1399993896,118.940002441,70.3499984741,106.349998474,148.679992676,8.92307662964,1040.08996582,120.059997559,47.9700012207,107.510002136,211.770004272,49.0200004578,69.9499969482,100.519996643,51.9599990845,91.1500015259,81.6399993896
2018-11-06,203.770004272,240.559997559,69.5,46.5,118.900001526,70.5299987793,107.330001831,149.940002441,9.05769252777,1055.81005859,123.120002747,47.25,107.720001221,211.059997559,49.25,73.3399963379,100.879997253,52.0800018311,91.2799987793,81.9899978638
2018-11-07,209.949996948,253.429992676,70.0299987793,47.9000015259,120.870002747,69.8700027466,109.150001526,151.529998779,8.84615421295,1093.39001465,124.839996338,48.7200012207,111.959999084,213.789993286,50.2599983215,73.7200012207,103.120002747,52.3199996948,92.5899963379,83.0299987793
2018-11-08,208.490005493,249.960006714,66.9100036621,48.4399986267,119.36000061,69.7600021362,104.849998474,147.869995117,8.75,1082.40002441,123.379997253,48.9900016785,111.75,205.990005493,50.4300003052,72.6299972534,98.6699981689,51.5800018311,88.6999969482,81.7099990845
2018-11-09,204.470001221,244.839996338,66.7300033569,47.1100006104,119.510002136,68.4899978638,105.510002136,144.960006714,8.25,1066.15002441,123.540000916,48.1100006104,109.569999695,205.669998169,50.6100006104,73.5500030518,99.7399978638,50.4000015259,87.5800018311,80.8700027466
2018-11-12,194.169998169,236.669998169,65.1399993896,45.6199989319,117.38999939,67.0100021362,101.25,141.550003052,7.68269252777,1038.63000488,120.900001526,46.6500015259,106.870002747,189.539993286,49.2200012207,72.1600036621,97.6699981689,49.4500007629,85.9700012207,79.8300018311
2018-11-13,192.229995728,238.740005493,63.7200012207,45.1199989319,115.349998474,66.7600021362,98.5199966431,142.160003662,8.27884578705,1036.05004883,120.839996338,47.3899993896,106.940002441,199.309997559,49.5099983215,70.7799987793,94.8000030518,47.3400001526,83.5699996948,78.0
2018-11-14,186.800003052,235.220001221,64.1200027466,44.3300018311,115.720001221,67.4000015259,98.0699996948,144.220001221,8.0,1043.66003418,120.199996948,47.0900001526,104.970001221,197.190002441,48.8400001526,70.9499969482,95.5999984741,47.8100013733,82.3399963379,77.3899993896
2018-11-15,191.410003662,239.949996948,65.2099990845,46.7700004578,116.949996948,68.8099975586,101.589996338,143.850006104,7.85576915741,1064.70996094,121.440002441,48.1100006104,107.279998779,202.38999939,50.6300010681,72.5899963379,96.2300033569,48.0800018311,83.2699966431,78.1900024414
2018-11-16,193.529998779,238.88999939,66.1200027466,46.3499984741,119.059997559,69.6200027466,105.199996948,139.529998779,7.71153831482,1061.48999023,121.569999695,48.8300018311,108.290000916,164.429992676,51.1699981689,73.3799972534,96.6100006104,48.2200012207,83.9499969482,78.9599990845
2018-11-19,185.86000061,219.690002441,66.4400024414,45.75,119.419998169,68.4599990845,105.709999084,131.550003052,7.53846168518,1020.0,120.309997559,48.0,104.620002747,144.699996948,49.5499992371,73.3600006104,94.9000015259,48.3100013733,80.6900024414,79.2200012207
2018-11-20,176.979995728,219.729995728,63.9900016785,44.4900016785,116.099998474,67.1100006104,102.36000061,132.429992676,7.35576915741,1025.76000977,117.199996948,47.3899993896,101.709999084,149.080001831,48.3300018311,70.3000030518,92.5400009155,46.9000015259,78.6100006104,76.9700012207
2018-11-21,176.779998779,225.979995728,65.4800033569,44.8899993896,117.569999695,67.2799987793,106.0,134.820007324,7.5096154213,1037.60998535,118.569999695,47.0299987793,103.11000061,144.710006714,48.6199989319,72.0800018311,93.6500015259,47.6399993896,79.1999969482,77.5599975586
2018-11-23,172.289993286,225.559997559,63.7999992371,44.5400009155,113.599998474,65.8099975586,100.699996948,131.729995728,7.27884626389,1023.88000488,117.190002441,46.5400009155,103.069999695,145.0,48.7000007629,69.8300018311,89.0,46.3699989319,77.0299987793,75.4899978638
2018-11-26,174.619995117,231.960006714,64.6999969482,45.5699996948,114.980003357,66.6200027466,102.540000916,136.380004883,7.28846168518,1048.61999512,119.559997559,47.4500007629,106.470001221,153.050003052,48.2599983215,70.6399993896,92.0699996948,46.6300010681,78.7799987793,76.9800033569
2018-11-27,174.240005493,232.25,65.2799987793,46.1199989319,115.209999084,66.75,101.949996948,135.0,7.15384626389,1044.41003418,120.029998779,48.0699996948,107.13999939,153.729995728,47.4399986267,69.3799972534,91.2600021362,46.2000007629,77.4300003052,77.0500030518
2018-11-28,180.940002441,249.210006714,66.3499984741,47.2900009155,118.13999939,68.0699996948,103.769996643,136.759994507,7.44230747223,1086.22998047,123.0,48.8600006104,111.120002747,160.070007324,48.1899986267,70.7099990845,92.6299972534,46.4099998474,79.4199981689,78.4499969482
2018-11-29,179.550003052,249.089996338,66.8700027466,47.3400001526,118.849998474,67.3300018311,105.470001221,138.679992676,7.6346154213,1088.30004883,121.480003357,47.7000007629,110.190002441,157.36000061,47.9000015259,70.9100036621,92.6800003052,45.9000015259,79.4700012207,79.0599975586
2018-11-30,178.580001831,250.88999939,66.1800003052,47.8699989319,118.940002441,67.5199966431,103.309997559,140.61000061,7.21153831482,1094.43005371,124.269996643,49.3100013733,110.88999939,163.429992676,48.7599983215,70.2699966431,93.5199966431,45.0999984741,79.9000015259,79.5
2018-12-03,184.820007324,255.259994507,69.1100006104,48.7400016785,120.669998169,68.8600006104,108.11000061,141.089996338,7.5096154213,1106.43005371,125.309997559,50.1300010681,112.089996338,170.039993286,49.8300018311,71.3199996948,92.0899963379,46.2999992371,81.3000030518,81.2200012207
2018-12-04,176.690002441,245.820007324,66.9199981689,47.3499984741,117.239997864,65.6500015259,104.069999695,137.929992676,7.0,1050.81994629,121.599998474,47.75,108.519996643,157.11000061,48.75,69.6699981689,91.4000015259,44.1199989319,79.5100021362,79.4300003052
2018-12-06,174.720001221,250.630004883,66.6100006104,48.3899993896,115.910003662,63.7900009155,102.129997253,139.630004883,7.06730747223,1068.72998047,123.910003662,48.3699989319,109.190002441,158.289993286,46.6800003052,67.5199966431,92.5999984741,42.3199996948,78.8399963379,78.3899993896
2018-12-07,168.490005493,238.0,65.9100036621,46.4399986267,115.489997864,62.9500007629,103.61000061,137.419998169,6.7403845787,1036.57995605,119.339996338,46.2400016785,104.819999695,147.61000061,46.0,66.5400009155,90.3499984741,43.0400009155,75.9899978638,77.6399993896
2018-12-10,169.600006104,244.089996338,65.1999969482,46.8600006104,114.940002441,62.5499992371,101.709999084,141.850006104,6.66346168518,1039.55004883,121.129997253,47.2099990845,107.589996338,151.86000061,46.6699981689,64.4400024414,88.8399963379,41.9700012207,73.3799972534,76.5400009155
2018-12-11,168.630004883,245.339996338,65.4400024414,47.0900001526,115.470001221,62.2799987793,102.069999695,142.080001831,6.5,1051.75,120.88999939,47.3800010681,108.589996338,148.190002441,46.4599990845,64.6999969482,88.4199981689,41.2400016785,73.2699966431,76.6800003052
2018-12-12,169.100006104,245.550003052,65.2699966431,47.4199981689,115.620002747,61.0800018311,103.930000305,144.5,6.45192289352,1063.68005371,121.160003662,47.8300018311,109.080001831,148.899993896,47.3199996948,65.4100036621,89.25,41.4399986267,73.6399993896,76.0199966431
2018-12-13,170.949996948,248.080001831,66.1299972534,47.4700012207,115.940002441,60.7299995422,102.830001831,145.009994507,6.92307710648,1061.90002441,120.730003357,48.2900009155,109.449996948,148.88999939,47.2299995422,66.6800003052,88.8300018311,41.0200004578,73.4599990845,76.9800033569
2018-12-14,165.479995728,230.0,64.5500030518,45.8199996948,113.830001831,60.4399986267,100.080001831,144.059997559,6.82692289352,1042.09997559,119.900001526,47.8600006104,106.029998779,146.449996948,46.5999984741,65.0999984741,86.8300018311,39.0999984741,73.3000030518,75.5800018311
2018-12-17,163.940002441,221.380004883,63.1199989319,44.2000007629,112.449996948,58.7200012207,96.2099990845,140.190002441,6.875,1016.5300293,116.099998474,47.0800018311,102.88999939,143.580001831,45.7299995422,64.1100006104,85.8600006104,39.0499992371,72.5800018311,74.0400009155
2018-12-18,166.070007324,226.179992676,61.9099998474,44.0600013733,109.739997864,58.4900016785,94.0100021362,143.660003662,7.0,1028.70996094,116.650001526,47.7400016785,103.970001221,146.940002441,45.8499984741,63.1399993896,84.7300033569,37.8400001526,71.0599975586,72.0
2018-12-19,160.88999939,224.649993896,61.2799987793,43.1399993896,107.830001831,57.6800003052,92.9800033569,133.240005493,7.3653845787,1023.01000977,116.430000305,45.5699996948,103.690002441,138.509994507,46.4500007629,62.2400016785,85.1600036621,37.7900009155,70.9800033569,70.7799987793
2018-12-20,156.830001831,218.649993896,60.0,42.4900016785,104.980003357,56.7000007629,89.7399978638,133.399993896,7.15384626389,1009.40997314,113.019996643,45.5400009155,101.510002136,135.100006104,46.2400016785,60.6300010681,82.7799987793,36.2000007629,70.6100006104,68.6299972534
2018-12-21,150.729995728,208.800003052,59.7999992371,41.8499984741,104.209999084,56.8699989319,87.2600021362,124.949996948,6.875,979.539978027,110.940002441,44.8400001526,98.2300033569,129.570007324,44.0,59.9799995422,82.3799972534,35.7000007629,71.6399993896,68.1200027466
2018-12-24,146.830001831,205.160003662,57.0099983215,40.2799987793,100.989997864,55.4900016785,82.8600006104,124.059997559,6.65384626389,976.219970703,107.569999695,43.5900001526,94.1299972534,127.080001831,42.6899986267,57.1100006104,78.5,35.1899986267,68.9400024414,65.5100021362
2018-12-26,157.169998169,222.949996948,61.5,42.4700012207,107.38999939,58.4700012207,88.9899978638,134.179992676,7.10576915741,1039.45996094,111.38999939,46.1899986267,100.559997559,133.100006104,44.5900001526,60.5999984741,84.1999969482,36.6100006104,73.3099975586,68.6399993896
2018-12-27,156.149993896,225.13999939,62.2299995422,42.9099998474,109.319999695,59.3300018311,88.7900009155,134.520004272,6.9903845787,1043.88000488,113.779998779,46.3600006104,101.180000305,131.169998169,44.9700012207,60.7599983215,85.8199996948,36.3300018311,74.6299972534,68.9400024414
2018-12-28,156.229995728,223.130004883,61.6699981689,42.7700004578,108.650001526,59.1300010681,87.5199966431,133.199996948,7.22115373611,1037.07995605,113.029998779,46.75,100.38999939,133.649993896,44.8199996948,60.4700012207,84.9599990845,36.5999984741,73.4800033569,68.1699981689
2018-12-31,157.740005493,226.240005493,62.3499984741,43.3300018311,108.790000916,59.75,87.2099990845,131.089996338,7.27884626389,1035.60998535,113.669998169,46.9300003052,101.569999695,133.5,45.1500015259,61.3800010681,86.1500015259,36.0800018311,74.9700012207,68.1900024414
